{
  "mean": [
    0.0008644619867776491,
    0.0012105473293069805,
    0.0021110948628738713,
    0.00037188583444958443
  ],
  "std": [
    0.6385110885344759,
    0.7478282257339498,
    0.6766117184108378,
    0.41183318615742287
  ],
  "indicators": [
    "u",
    "v",
    "w",
    "p"
  ],
  "num_samples": 200,
  "data_source": "JHU_DNS128_full",
  "total_elements_per_timestep": 2097152
}